id,firstName,LastName
0,Jack,Smith
1,Adam,Johnson
2,Kim,Smith
3,David,Williams
4,Peter,Davis
5,Jack,Smith
6,Adam,Johnson
7,Kim,Smith
8,David,Williams
9,Peter,Davis
10,Jack,Smith
11,Adam,Johnson
12,Kim,Smith
13,David,Williams
14,Peter,Davis
15,Jack,Smith
16,Adam,Johnson
17,Kim,Smith
18,David,Williams
19,Peter,Davis
20,Jack,Smith
21,Adam,Johnson
22,Kim,Smith
23,David,Williams
24,Peter,Davis
25,Jack,Smith
26,Adam,Johnson
27,Kim,Smith
28,David,Williams
29,Peter,Davis
30,Jack,Smith
31,Adam,Johnson
32,Kim,Smith
33,David,Williams
34,Peter,Davis
35,Jack,Smith
36,Adam,Johnson
37,Kim,Smith
38,David,Williams
39,Peter,Davis
40,Jack,Smith
41,Adam,Johnson
42,Kim,Smith
43,David,Williams
44,Peter,Davis
45,Jack,Smith
46,Adam,Johnson
47,Kim,Smith
48,David,Williams
49,Peter,Davis
50,Jack,Smith
51,Adam,Johnson
52,Kim,Smith
53,David,Williams
54,Peter,Davis
55,Jack,Smith
56,Adam,Johnson
57,Kim,Smith
58,David,Williams
59,Peter,Davis
60,Jack,Smith
61,Adam,Johnson
62,Kim,Smith
63,David,Williams
64,Peter,Davis
65,Jack,Smith
66,Adam,Johnson
67,Kim,Smith
68,David,Williams
69,Peter,Davis
70,Jack,Smith
71,Adam,Johnson
72,Kim,Smith
73,David,Williams
74,Peter,Davis
75,Jack,Smith
76,Adam,Johnson
77,Kim,Smith
78,David,Williams
79,Peter,Davis
80,Jack,Smith
81,Adam,Johnson
82,Kim,Smith
83,David,Williams
84,Peter,Davis
85,Jack,Smith
86,Adam,Johnson
87,Kim,Smith
88,David,Williams
89,Peter,Davis
90,Jack,Smith
91,Adam,Johnson
92,Kim,Smith
93,David,Williams
94,Peter,Davis
95,Jack,Smith
96,Adam,Johnson
97,Kim,Smith
98,David,Williams
99,Peter,Davis
100,Jack,Smith
101,Adam,Johnson
102,Kim,Smith
103,David,Williams
104,Peter,Davis
105,Jack,Smith
106,Adam,Johnson
107,Kim,Smith
108,David,Williams
109,Peter,Davis
110,Jack,Smith
111,Adam,Johnson
112,Kim,Smith
113,David,Williams
114,Peter,Davis
115,Jack,Smith
116,Adam,Johnson
117,Kim,Smith
118,David,Williams
119,Peter,Davis
120,Jack,Smith
121,Adam,Johnson
122,Kim,Smith
123,David,Williams
124,Peter,Davis
125,Jack,Smith
126,Adam,Johnson
127,Kim,Smith
128,David,Williams
129,Peter,Davis
130,Jack,Smith
131,Adam,Johnson
132,Kim,Smith
133,David,Williams
134,Peter,Davis
135,Jack,Smith
136,Adam,Johnson
137,Kim,Smith
138,David,Williams
139,Peter,Davis
140,Jack,Smith
141,Adam,Johnson
142,Kim,Smith
143,David,Williams
144,Peter,Davis
145,Jack,Smith
146,Adam,Johnson
147,Kim,Smith
148,David,Williams
149,Peter,Davis
150,Jack,Smith
151,Adam,Johnson
152,Kim,Smith
153,David,Williams
154,Peter,Davis
155,Jack,Smith
156,Adam,Johnson
157,Kim,Smith
158,David,Williams
159,Peter,Davis
160,Jack,Smith
161,Adam,Johnson
162,Kim,Smith
163,David,Williams
164,Peter,Davis
165,Jack,Smith
166,Adam,Johnson
167,Kim,Smith
168,David,Williams
169,Peter,Davis
170,Jack,Smith
171,Adam,Johnson
172,Kim,Smith
173,David,Williams
174,Peter,Davis
175,Jack,Smith
176,Adam,Johnson
177,Kim,Smith
178,David,Williams
179,Peter,Davis
180,Jack,Smith
181,Adam,Johnson
182,Kim,Smith
183,David,Williams
184,Peter,Davis
185,Jack,Smith
186,Adam,Johnson
187,Kim,Smith
188,David,Williams
189,Peter,Davis
190,Jack,Smith
191,Adam,Johnson
192,Kim,Smith
193,David,Williams
194,Peter,Davis
195,Jack,Smith
196,Adam,Johnson
197,Kim,Smith
198,David,Williams
199,Peter,Davis
200,Jack,Smith
201,Adam,Johnson
202,Kim,Smith
203,David,Williams
204,Peter,Davis
205,Jack,Smith
206,Adam,Johnson
207,Kim,Smith
208,David,Williams
209,Peter,Davis
210,Jack,Smith
211,Adam,Johnson
212,Kim,Smith
213,David,Williams
214,Peter,Davis
215,Jack,Smith
216,Adam,Johnson
217,Kim,Smith
218,David,Williams
219,Peter,Davis
220,Jack,Smith
221,Adam,Johnson
222,Kim,Smith
223,David,Williams
224,Peter,Davis
225,Jack,Smith
226,Adam,Johnson
227,Kim,Smith
228,David,Williams
229,Peter,Davis
230,Jack,Smith
231,Adam,Johnson
232,Kim,Smith
233,David,Williams
234,Peter,Davis
235,Jack,Smith
236,Adam,Johnson
237,Kim,Smith
238,David,Williams
239,Peter,Davis
240,Jack,Smith
241,Adam,Johnson
242,Kim,Smith
243,David,Williams
244,Peter,Davis
245,Jack,Smith
246,Adam,Johnson
247,Kim,Smith
248,David,Williams
249,Peter,Davis
250,Jack,Smith
251,Adam,Johnson
252,Kim,Smith
253,David,Williams
254,Peter,Davis
255,Jack,Smith
256,Adam,Johnson
257,Kim,Smith
258,David,Williams
259,Peter,Davis
260,Jack,Smith
261,Adam,Johnson
262,Kim,Smith
263,David,Williams
264,Peter,Davis
265,Jack,Smith
266,Adam,Johnson
267,Kim,Smith
268,David,Williams
269,Peter,Davis
270,Jack,Smith
271,Adam,Johnson
272,Kim,Smith
273,David,Williams
274,Peter,Davis
275,Jack,Smith
276,Adam,Johnson
277,Kim,Smith
278,David,Williams
279,Peter,Davis
280,Jack,Smith
281,Adam,Johnson
282,Kim,Smith
283,David,Williams
284,Peter,Davis
285,Jack,Smith
286,Adam,Johnson
287,Kim,Smith
288,David,Williams
289,Peter,Davis
290,Jack,Smith
291,Adam,Johnson
292,Kim,Smith
293,David,Williams
294,Peter,Davis
295,Jack,Smith
296,Adam,Johnson
297,Kim,Smith
298,David,Williams
299,Peter,Davis
300,Jack,Smith
301,Adam,Johnson
302,Kim,Smith
303,David,Williams
304,Peter,Davis
305,Jack,Smith
306,Adam,Johnson
307,Kim,Smith
308,David,Williams
309,Peter,Davis
310,Jack,Smith
311,Adam,Johnson
312,Kim,Smith
313,David,Williams
314,Peter,Davis
315,Jack,Smith
316,Adam,Johnson
317,Kim,Smith
318,David,Williams
319,Peter,Davis
320,Jack,Smith
321,Adam,Johnson
322,Kim,Smith
323,David,Williams
324,Peter,Davis
325,Jack,Smith
326,Adam,Johnson
327,Kim,Smith
328,David,Williams
329,Peter,Davis
330,Jack,Smith
331,Adam,Johnson
332,Kim,Smith
333,David,Williams
334,Peter,Davis
335,Jack,Smith
336,Adam,Johnson
337,Kim,Smith
338,David,Williams
339,Peter,Davis
340,Jack,Smith
341,Adam,Johnson
342,Kim,Smith
343,David,Williams
344,Peter,Davis
345,Jack,Smith
346,Adam,Johnson
347,Kim,Smith
348,David,Williams
349,Peter,Davis
350,Jack,Smith
351,Adam,Johnson
352,Kim,Smith
353,David,Williams
354,Peter,Davis
355,Jack,Smith
356,Adam,Johnson
357,Kim,Smith
358,David,Williams
359,Peter,Davis
360,Jack,Smith
361,Adam,Johnson
362,Kim,Smith
363,David,Williams
364,Peter,Davis
365,Jack,Smith
366,Adam,Johnson
367,Kim,Smith
368,David,Williams
369,Peter,Davis
370,Jack,Smith
371,Adam,Johnson
372,Kim,Smith
373,David,Williams
374,Peter,Davis
375,Jack,Smith
376,Adam,Johnson
377,Kim,Smith
378,David,Williams
379,Peter,Davis
380,Jack,Smith
381,Adam,Johnson
382,Kim,Smith
383,David,Williams
384,Peter,Davis
385,Jack,Smith
386,Adam,Johnson
387,Kim,Smith
388,David,Williams
389,Peter,Davis
390,Jack,Smith
391,Adam,Johnson
392,Kim,Smith
393,David,Williams
394,Peter,Davis
395,Jack,Smith
396,Adam,Johnson
397,Kim,Smith
398,David,Williams
399,Peter,Davis
400,Jack,Smith
401,Adam,Johnson
402,Kim,Smith
403,David,Williams
404,Peter,Davis
405,Jack,Smith
406,Adam,Johnson
407,Kim,Smith
408,David,Williams
409,Peter,Davis
410,Jack,Smith
411,Adam,Johnson
412,Kim,Smith
413,David,Williams
414,Peter,Davis
415,Jack,Smith
416,Adam,Johnson
417,Kim,Smith
418,David,Williams
419,Peter,Davis
420,Jack,Smith
421,Adam,Johnson
422,Kim,Smith
423,David,Williams
424,Peter,Davis
425,Jack,Smith
426,Adam,Johnson
427,Kim,Smith
428,David,Williams
429,Peter,Davis
430,Jack,Smith
431,Adam,Johnson
432,Kim,Smith
433,David,Williams
434,Peter,Davis
435,Jack,Smith
436,Adam,Johnson
437,Kim,Smith
438,David,Williams
439,Peter,Davis
440,Jack,Smith
441,Adam,Johnson
442,Kim,Smith
443,David,Williams
444,Peter,Davis
445,Jack,Smith
446,Adam,Johnson
447,Kim,Smith
448,David,Williams
449,Peter,Davis
450,Jack,Smith
451,Adam,Johnson
452,Kim,Smith
453,David,Williams
454,Peter,Davis
455,Jack,Smith
456,Adam,Johnson
457,Kim,Smith
458,David,Williams
459,Peter,Davis
460,Jack,Smith
461,Adam,Johnson
462,Kim,Smith
463,David,Williams
464,Peter,Davis
465,Jack,Smith
466,Adam,Johnson
467,Kim,Smith
468,David,Williams
469,Peter,Davis
470,Jack,Smith
471,Adam,Johnson
472,Kim,Smith
473,David,Williams
474,Peter,Davis
475,Jack,Smith
476,Adam,Johnson
477,Kim,Smith
478,David,Williams
479,Peter,Davis
480,Jack,Smith
481,Adam,Johnson
482,Kim,Smith
483,David,Williams
484,Peter,Davis
485,Jack,Smith
486,Adam,Johnson
487,Kim,Smith
488,David,Williams
489,Peter,Davis
490,Jack,Smith
491,Adam,Johnson
492,Kim,Smith
493,David,Williams
494,Peter,Davis
495,Jack,Smith
496,Adam,Johnson
497,Kim,Smith
498,David,Williams
499,Peter,Davis
500,Jack,Smith
501,Adam,Johnson
502,Kim,Smith
503,David,Williams
504,Peter,Davis
505,Jack,Smith
506,Adam,Johnson
507,Kim,Smith
508,David,Williams
509,Peter,Davis
510,Jack,Smith
511,Adam,Johnson
512,Kim,Smith
513,David,Williams
514,Peter,Davis
515,Jack,Smith
516,Adam,Johnson
517,Kim,Smith
518,David,Williams
519,Peter,Davis
520,Jack,Smith
521,Adam,Johnson
522,Kim,Smith
523,David,Williams
524,Peter,Davis
525,Jack,Smith
526,Adam,Johnson
527,Kim,Smith
528,David,Williams
529,Peter,Davis
530,Jack,Smith
531,Adam,Johnson
532,Kim,Smith
533,David,Williams
534,Peter,Davis
535,Jack,Smith
536,Adam,Johnson
537,Kim,Smith
538,David,Williams
539,Peter,Davis
540,Jack,Smith
541,Adam,Johnson
542,Kim,Smith
543,David,Williams
544,Peter,Davis
545,Jack,Smith
546,Adam,Johnson
547,Kim,Smith
548,David,Williams
549,Peter,Davis
550,Jack,Smith
551,Adam,Johnson
552,Kim,Smith
553,David,Williams
554,Peter,Davis
555,Jack,Smith
556,Adam,Johnson
557,Kim,Smith
558,David,Williams
559,Peter,Davis
560,Jack,Smith
561,Adam,Johnson
562,Kim,Smith
563,David,Williams
564,Peter,Davis
565,Jack,Smith
566,Adam,Johnson
567,Kim,Smith
568,David,Williams
569,Peter,Davis
570,Jack,Smith
571,Adam,Johnson
572,Kim,Smith
573,David,Williams
574,Peter,Davis
575,Jack,Smith
576,Adam,Johnson
577,Kim,Smith
578,David,Williams
579,Peter,Davis
580,Jack,Smith
581,Adam,Johnson
582,Kim,Smith
583,David,Williams
584,Peter,Davis
585,Jack,Smith
586,Adam,Johnson
587,Kim,Smith
588,David,Williams
589,Peter,Davis
590,Jack,Smith
591,Adam,Johnson
592,Kim,Smith
593,David,Williams
594,Peter,Davis
595,Jack,Smith
596,Adam,Johnson
597,Kim,Smith
598,David,Williams
599,Peter,Davis
600,Jack,Smith
601,Adam,Johnson
602,Kim,Smith
603,David,Williams
604,Peter,Davis
605,Jack,Smith
606,Adam,Johnson
607,Kim,Smith
608,David,Williams
609,Peter,Davis
610,Jack,Smith
611,Adam,Johnson
612,Kim,Smith
613,David,Williams
614,Peter,Davis
615,Jack,Smith
616,Adam,Johnson
617,Kim,Smith
618,David,Williams
619,Peter,Davis
620,Jack,Smith
621,Adam,Johnson
622,Kim,Smith
623,David,Williams
624,Peter,Davis
625,Jack,Smith
626,Adam,Johnson
627,Kim,Smith
628,David,Williams
629,Peter,Davis
630,Jack,Smith
631,Adam,Johnson
632,Kim,Smith
633,David,Williams
634,Peter,Davis
635,Jack,Smith
636,Adam,Johnson
637,Kim,Smith
638,David,Williams
639,Peter,Davis
640,Jack,Smith
641,Adam,Johnson
642,Kim,Smith
643,David,Williams
644,Peter,Davis
645,Jack,Smith
646,Adam,Johnson
647,Kim,Smith
648,David,Williams
649,Peter,Davis
650,Jack,Smith
651,Adam,Johnson
652,Kim,Smith
653,David,Williams
654,Peter,Davis
655,Jack,Smith
656,Adam,Johnson
657,Kim,Smith
658,David,Williams
659,Peter,Davis
660,Jack,Smith
661,Adam,Johnson
662,Kim,Smith
663,David,Williams
664,Peter,Davis
665,Jack,Smith
666,Adam,Johnson
667,Kim,Smith
668,David,Williams
669,Peter,Davis
670,Jack,Smith
671,Adam,Johnson
672,Kim,Smith
673,David,Williams
674,Peter,Davis
675,Jack,Smith
676,Adam,Johnson
677,Kim,Smith
678,David,Williams
679,Peter,Davis
680,Jack,Smith
681,Adam,Johnson
682,Kim,Smith
683,David,Williams
684,Peter,Davis
685,Jack,Smith
686,Adam,Johnson
687,Kim,Smith
688,David,Williams
689,Peter,Davis
690,Jack,Smith
691,Adam,Johnson
692,Kim,Smith
693,David,Williams
694,Peter,Davis
695,Jack,Smith
696,Adam,Johnson
697,Kim,Smith
698,David,Williams
699,Peter,Davis
700,Jack,Smith
701,Adam,Johnson
702,Kim,Smith
703,David,Williams
704,Peter,Davis
705,Jack,Smith
706,Adam,Johnson
707,Kim,Smith
708,David,Williams
709,Peter,Davis
710,Jack,Smith
711,Adam,Johnson
712,Kim,Smith
713,David,Williams
714,Peter,Davis
715,Jack,Smith
716,Adam,Johnson
717,Kim,Smith
718,David,Williams
719,Peter,Davis
720,Jack,Smith
721,Adam,Johnson
722,Kim,Smith
723,David,Williams
724,Peter,Davis
725,Jack,Smith
726,Adam,Johnson
727,Kim,Smith
728,David,Williams
729,Peter,Davis
730,Jack,Smith
731,Adam,Johnson
732,Kim,Smith
733,David,Williams
734,Peter,Davis
735,Jack,Smith
736,Adam,Johnson
737,Kim,Smith
738,David,Williams
739,Peter,Davis
740,Jack,Smith
741,Adam,Johnson
742,Kim,Smith
743,David,Williams
744,Peter,Davis
745,Jack,Smith
746,Adam,Johnson
747,Kim,Smith
748,David,Williams
749,Peter,Davis
750,Jack,Smith
751,Adam,Johnson
752,Kim,Smith
753,David,Williams
754,Peter,Davis
755,Jack,Smith
756,Adam,Johnson
757,Kim,Smith
758,David,Williams
759,Peter,Davis
760,Jack,Smith
761,Adam,Johnson
762,Kim,Smith
763,David,Williams
764,Peter,Davis
765,Jack,Smith
766,Adam,Johnson
767,Kim,Smith
768,David,Williams
769,Peter,Davis
770,Jack,Smith
771,Adam,Johnson
772,Kim,Smith
773,David,Williams
774,Peter,Davis
775,Jack,Smith
776,Adam,Johnson
777,Kim,Smith
778,David,Williams
779,Peter,Davis
780,Jack,Smith
781,Adam,Johnson
782,Kim,Smith
783,David,Williams
784,Peter,Davis
785,Jack,Smith
786,Adam,Johnson
787,Kim,Smith
788,David,Williams
789,Peter,Davis
790,Jack,Smith
791,Adam,Johnson
792,Kim,Smith
793,David,Williams
794,Peter,Davis
795,Jack,Smith
796,Adam,Johnson
797,Kim,Smith
798,David,Williams
799,Peter,Davis
800,Jack,Smith
801,Adam,Johnson
802,Kim,Smith
803,David,Williams
804,Peter,Davis
805,Jack,Smith
806,Adam,Johnson
807,Kim,Smith
808,David,Williams
809,Peter,Davis
810,Jack,Smith
811,Adam,Johnson
812,Kim,Smith
813,David,Williams
814,Peter,Davis
815,Jack,Smith
816,Adam,Johnson
817,Kim,Smith
818,David,Williams
819,Peter,Davis
820,Jack,Smith
821,Adam,Johnson
822,Kim,Smith
823,David,Williams
824,Peter,Davis
825,Jack,Smith
826,Adam,Johnson
827,Kim,Smith
828,David,Williams
829,Peter,Davis
830,Jack,Smith
831,Adam,Johnson
832,Kim,Smith
833,David,Williams
834,Peter,Davis
835,Jack,Smith
836,Adam,Johnson
837,Kim,Smith
838,David,Williams
839,Peter,Davis
840,Jack,Smith
841,Adam,Johnson
842,Kim,Smith
843,David,Williams
844,Peter,Davis
845,Jack,Smith
846,Adam,Johnson
847,Kim,Smith
848,David,Williams
849,Peter,Davis
850,Jack,Smith
851,Adam,Johnson
852,Kim,Smith
853,David,Williams
854,Peter,Davis
855,Jack,Smith
856,Adam,Johnson
857,Kim,Smith
858,David,Williams
859,Peter,Davis
860,Jack,Smith
861,Adam,Johnson
862,Kim,Smith
863,David,Williams
864,Peter,Davis
865,Jack,Smith
866,Adam,Johnson
867,Kim,Smith
868,David,Williams
869,Peter,Davis
870,Jack,Smith
871,Adam,Johnson
872,Kim,Smith
873,David,Williams
874,Peter,Davis
875,Jack,Smith
876,Adam,Johnson
877,Kim,Smith
878,David,Williams
879,Peter,Davis
880,Jack,Smith
881,Adam,Johnson
882,Kim,Smith
883,David,Williams
884,Peter,Davis
885,Jack,Smith
886,Adam,Johnson
887,Kim,Smith
888,David,Williams
889,Peter,Davis
890,Jack,Smith
891,Adam,Johnson
892,Kim,Smith
893,David,Williams
894,Peter,Davis
895,Jack,Smith
896,Adam,Johnson
897,Kim,Smith
898,David,Williams
899,Peter,Davis
900,Jack,Smith
901,Adam,Johnson
902,Kim,Smith
903,David,Williams
904,Peter,Davis
905,Jack,Smith
906,Adam,Johnson
907,Kim,Smith
908,David,Williams
909,Peter,Davis
910,Jack,Smith
911,Adam,Johnson
912,Kim,Smith
913,David,Williams
914,Peter,Davis
915,Jack,Smith
916,Adam,Johnson
917,Kim,Smith
918,David,Williams
919,Peter,Davis
920,Jack,Smith
921,Adam,Johnson
922,Kim,Smith
923,David,Williams
924,Peter,Davis
925,Jack,Smith
926,Adam,Johnson
927,Kim,Smith
928,David,Williams
929,Peter,Davis
930,Jack,Smith
931,Adam,Johnson
932,Kim,Smith
933,David,Williams
934,Peter,Davis
935,Jack,Smith
936,Adam,Johnson
937,Kim,Smith
938,David,Williams
939,Peter,Davis
940,Jack,Smith
941,Adam,Johnson
942,Kim,Smith
943,David,Williams
944,Peter,Davis
945,Jack,Smith
946,Adam,Johnson
947,Kim,Smith
948,David,Williams
949,Peter,Davis
950,Jack,Smith
951,Adam,Johnson
952,Kim,Smith
953,David,Williams
954,Peter,Davis
955,Jack,Smith
956,Adam,Johnson
957,Kim,Smith
958,David,Williams
959,Peter,Davis
960,Jack,Smith
961,Adam,Johnson
962,Kim,Smith
963,David,Williams
964,Peter,Davis
965,Jack,Smith
966,Adam,Johnson
967,Kim,Smith
968,David,Williams
969,Peter,Davis
970,Jack,Smith
971,Adam,Johnson
972,Kim,Smith
973,David,Williams
974,Peter,Davis
975,Jack,Smith
976,Adam,Johnson
977,Kim,Smith
978,David,Williams
979,Peter,Davis
980,Jack,Smith
981,Adam,Johnson
982,Kim,Smith
983,David,Williams
984,Peter,Davis
985,Jack,Smith
986,Adam,Johnson
987,Kim,Smith
988,David,Williams
989,Peter,Davis
990,Jack,Smith
991,Adam,Johnson
992,Kim,Smith
993,David,Williams
994,Peter,Davis
995,Jack,Smith
996,Adam,Johnson
997,Kim,Smith
998,David,Williams
999,Peter,Davis
1000,Jack,Smith
1001,Adam,Johnson
1002,Kim,Smith
1003,David,Williams
1004,Peter,Davis
1005,Jack,Smith
1006,Adam,Johnson
1007,Kim,Smith
1008,David,Williams
1009,Peter,Davis
1010,Jack,Smith
1011,Adam,Johnson
1012,Kim,Smith
1013,David,Williams
1014,Peter,Davis
1015,Jack,Smith
1016,Adam,Johnson
1017,Kim,Smith
1018,David,Williams
1019,Peter,Davis
1020,Jack,Smith
1021,Adam,Johnson
1022,Kim,Smith
1023,David,Williams
1024,Peter,Davis
1025,Jack,Smith
1026,Adam,Johnson
1027,Kim,Smith
1028,David,Williams
1029,Peter,Davis
1030,Jack,Smith
1031,Adam,Johnson
1032,Kim,Smith
1033,David,Williams
1034,Peter,Davis
1035,Jack,Smith
1036,Adam,Johnson
1037,Kim,Smith
1038,David,Williams
1039,Peter,Davis
1040,Jack,Smith
1041,Adam,Johnson
1042,Kim,Smith
1043,David,Williams
1044,Peter,Davis
1045,Jack,Smith
1046,Adam,Johnson
1047,Kim,Smith
1048,David,Williams
1049,Peter,Davis
1050,Jack,Smith
1051,Adam,Johnson
1052,Kim,Smith
1053,David,Williams
1054,Peter,Davis
1055,Jack,Smith
1056,Adam,Johnson
1057,Kim,Smith
1058,David,Williams
1059,Peter,Davis
1060,Jack,Smith
1061,Adam,Johnson
1062,Kim,Smith
1063,David,Williams
1064,Peter,Davis
1065,Jack,Smith
1066,Adam,Johnson
1067,Kim,Smith
1068,David,Williams
1069,Peter,Davis
1070,Jack,Smith
1071,Adam,Johnson
1072,Kim,Smith
1073,David,Williams
1074,Peter,Davis
1075,Jack,Smith
1076,Adam,Johnson
1077,Kim,Smith
1078,David,Williams
1079,Peter,Davis
